Code,Level,Abbr.,Term,Status,Quality Points,Count in Attempted?,Count in Passed?,Count in Earned?,Count in GPA?,FA Enroll Verification,Incomplete Grade Ind?,Incomplete Grade Default,Traditional Ind,Numeric Value,Repeat Ind,,
-,GR,DASH,196009,A,0,Y,Y,Y,N,N,N,,N,0,Y,,
-#,GR,DASH,196009,A,0,Y,N,N,N,Y,N,,N,0,Y,,
-*,GR,DASH,196009,A,0,Y,N,N,N,N,N,,N,0,Y,,
A,GR,A,196009,A,4,Y,Y,Y,Y,Y,N,,Y,98,Y,,
A#,GR,CLR/A,196009,A,0,Y,N,N,N,N,N,,N,98,Y,,
A*,GR,CLR/A,196008,A,0,Y,N,N,N,N,N,,N,98,Y,,
A+,GR,A+,196009,A,4,Y,Y,Y,Y,Y,N,,Y,99,Y,,
A+,GR,A+,200008,A,4,Y,Y,Y,Y,Y,N,,Y,99,Y,,
A+#,GR,CLR/A+,196009,A,0,Y,N,N,N,N,N,,N,99,Y,,
A+*,GR,CLR/A+,196009,A,0,Y,N,N,N,N,N,,N,99,Y,,
A-,GR,A-,196009,A,3.75,Y,Y,Y,Y,Y,N,,Y,97,Y,,
A-,GR,A-,200008,A,3.67,Y,Y,Y,Y,Y,N,,Y,97,Y,,
A-#,GR,CLR/A-,196009,A,0,Y,N,N,N,N,N,,N,97,Y,,
A-*,GR,CLR/A-,196009,A,0,Y,N,N,N,N,N,,N,97,Y,,
B,GR,B,196009,A,3,Y,Y,Y,Y,Y,N,,Y,85,Y,,
B#,GR,CLR/B,196009,A,0,Y,N,N,N,N,N,,N,85,Y,,
B*,GR,CLR/B,196009,A,0,Y,N,N,N,N,N,,N,85,Y,,
B+,GR,B+,196009,A,3.5,Y,Y,Y,Y,Y,N,,Y,86,Y,,
B+,GR,B+,200008,A,3.33,Y,Y,Y,Y,Y,N,,Y,86,Y,,
B+#,GR,CLR/B+,196009,A,0,Y,N,N,N,N,N,,N,86,Y,,
B+*,GR,CLR/B+,196009,A,0,Y,N,N,N,N,N,,N,86,Y,,
B-,GR,B-,196009,A,2.75,Y,Y,Y,Y,Y,N,,Y,84,Y,,
B-,GR,B-,200008,A,2.67,Y,Y,Y,Y,Y,N,,Y,84,Y,,
B-#,GR,CLR/B-,196009,A,0,Y,N,N,N,N,N,,N,84,Y,,
B-*,GR,CLR/B-,196009,A,0,Y,N,N,N,N,N,,N,84,Y,,
C,GR,C,196009,A,2,Y,Y,Y,Y,Y,N,,Y,75,Y,,
C#,GR,CLR/C,196009,A,0,Y,N,N,N,N,N,,N,75,Y,,
C*,GR,CLR/C,196009,A,0,Y,N,N,N,N,N,,N,75,Y,,
C+,GR,C+,196009,A,2.5,Y,Y,Y,Y,Y,N,,Y,78,Y,,
C+,GR,C+,200008,A,2.33,Y,Y,Y,Y,Y,N,,Y,78,Y,,
C+#,GR,CLR/C+,196009,A,0,Y,N,N,N,N,N,,N,78,Y,,
C+*,GR,CLR/C+,196009,A,0,Y,N,N,N,N,N,,N,78,Y,,
C-,GR,C-,196009,A,1.75,Y,Y,Y,Y,Y,N,,Y,74,Y,,
C-,GR,C-,200008,A,1.67,Y,Y,Y,Y,Y,N,,Y,74,Y,,
C-#,GR,CLR/C-,196009,A,0,Y,N,N,N,N,N,,N,74,Y,,
C-*,GR,CLR/C-,196009,A,0,Y,N,N,N,N,N,,N,74,Y,,
CA,GR,GR/CAN,196009,A,0,N,N,N,N,N,N,,N,0,Y,,
CA+,GR,GR/CAN,200008,A,0,N,N,N,N,N,N,,N,0,Y,,
CA-,GR,GR/CAN,200008,A,0,N,N,N,N,N,N,,N,0,Y,,
CB,GR,GR/CAN,196009,A,0,N,N,N,N,N,N,,N,0,Y,,
CB+,GR,GR/CAN,200008,A,0,N,N,N,N,N,N,,N,0,Y,,
CB-,GR,GR/CAN,200008,A,0,N,N,N,N,N,N,,N,0,Y,,
CC,GR,GR/CAN,196009,A,0,N,N,N,N,N,N,,N,0,Y,,
CC+,GR,GR/CAN,200008,A,0,N,N,N,N,N,N,,N,0,Y,,
CC-,GR,GR/CAN,200008,A,0,N,N,N,N,N,N,,N,0,Y,,
CD,GR,GR/CAN,196009,A,0,N,N,N,N,N,N,,N,0,Y,,
CD+,GR,GR/CAN,200008,A,0,N,N,N,N,N,N,,N,0,Y,,
CD-,GR,GR/CAN,200008,A,0,N,N,N,N,N,N,,N,0,Y,,
CF,GR,GR/CAN,196009,A,0,N,N,N,N,N,N,,N,0,Y,,
CFF,GR,GR/CAN,196009,A,0,N,N,N,N,N,N,,N,0,Y,,
CI,GR,GR/CAN,196009,A,0,N,N,N,N,N,N,,N,0,Y,,
CIA,GR,GR/CAN,200808,A,0,N,N,N,N,N,N,,N,0,Y,,
CIA,GR,GR/CAN,201101,A,0,N,N,N,N,N,Y,CA,N,0,Y,,
CIA+,GR,GR/CAN,196009,A,0,N,N,N,N,N,N,,N,0,Y,,
CIA+,GR,GR/CAN,200808,A,0,N,N,N,N,N,N,,N,0,Y,,
CIA+,GR,GR/CAN,201101,A,0,N,N,N,N,N,Y,CA+,N,0,Y,,
CIA-,GR,GR/CAN,200808,A,0,N,N,N,N,N,N,,N,0,Y,,
CIA-,GR,GR/CAN,201101,A,0,N,N,N,N,N,Y,CA-,N,0,Y,,
CIB,GR,GR/CAN,200808,A,0,N,N,N,N,N,N,,N,0,Y,,
CIB,GR,GR/CAN,201101,A,0,N,N,N,N,N,Y,CB,N,0,Y,,
CIB+,GR,GR/CAN,200808,A,0,N,N,N,N,N,N,,N,0,Y,,
CIB+,GR,GR/CAN,201101,A,0,N,N,N,N,N,Y,CB+,N,0,Y,,
CIB-,GR,GR/CAN,200808,A,0,N,N,N,N,N,N,,N,0,Y,,
CIB-,GR,GR/CAN,201101,A,0,N,N,N,N,N,Y,CB-,N,0,Y,,
CIC,GR,GR/CAN,200808,A,0,N,N,N,N,N,N,,N,0,Y,,
CIC,GR,GR/CAN,201101,A,0,N,N,N,N,N,Y,CC,N,0,Y,,
CIC+,GR,GR/CAN,200808,A,0,N,N,N,N,N,N,,N,0,Y,,
CIC+,GR,GR/CAN,201101,A,0,N,N,N,N,N,Y,CC+,N,0,Y,,
CIC-,GR,GR/CAN,200808,A,0,N,N,N,N,N,N,,N,0,Y,,
CIC-,GR,GR/CAN,201101,A,0,N,N,N,N,N,Y,CC-,N,0,Y,,
CID,GR,GR/CAN,200808,A,0,N,N,N,N,N,N,,N,0,Y,,
CID,GR,GR/CAN,201101,A,0,N,N,N,N,N,Y,CD,N,0,Y,,
CID+,GR,GR/CAN,200808,A,0,N,N,N,N,N,N,,N,0,Y,,
CID+,GR,GR/CAN,201101,A,0,N,N,N,N,N,Y,CD+,N,0,Y,,
CID-,GR,GR/CAN,200808,A,0,N,N,N,N,N,N,,N,0,Y,,
CID-,GR,GR/CAN,201101,A,0,N,N,N,N,N,Y,CD-,N,0,Y,,
CIF,GR,GR/CAN,196009,A,0,N,N,N,N,N,N,,N,0,Y,,
CIF,GR,GR/CAN,200808,A,0,N,N,N,N,N,N,,N,0,Y,,
CIF,GR,GR/CAN,201101,A,0,N,N,N,N,N,Y,CF,N,0,Y,,
CIS,GR,GR/CAN,200808,A,0,N,N,N,N,N,N,,N,0,Y,,
CIS,GR,GR/CAN,201101,A,0,N,N,N,N,N,Y,CS,N,0,Y,,
CIU,GR,GR/CAN,196009,A,0,N,N,N,N,N,N,,N,0,Y,,
CIU,GR,GR/CAN,200808,A,0,N,N,N,N,N,N,,N,0,Y,,
CIU,GR,GR/CAN,201101,A,0,N,N,N,N,N,Y,CU,N,0,Y,,
CM,GR,GR/CAN,196009,A,0,N,N,N,N,N,N,,N,0,Y,,
CMF,GR,GR/CAN,196009,A,0,N,N,N,N,N,N,,N,0,Y,,
CMU,GR,GR/CAN,196009,A,0,N,N,N,N,N,N,,N,0,Y,,
CN,GR,GR/CAN,196009,A,0,N,N,N,N,N,N,,N,0,Y,,
CS,GR,GR/CAN,196009,A,0,N,N,N,N,N,N,,N,0,Y,,
CU,GR,GR/CAN,196009,A,0,N,N,N,N,N,N,,N,0,Y,,
CW,GR,GR/CAN,196009,A,0,N,N,N,N,N,N,,N,0,Y,,
CX,GR,GR/CAN,196009,A,0,N,N,N,N,N,N,,N,0,Y,,
CZ,GR,GR/CAN,196009,A,0,N,N,N,N,N,N,,N,0,Y,,
D,GR,D,196009,A,1,Y,Y,Y,Y,Y,N,,Y,65,Y,,
D#,GR,COP,196009,A,0,Y,N,N,N,N,N,,N,65,Y,,
D*,GR,COP,196009,A,0,Y,N,N,N,N,N,,N,65,Y,,
D+,GR,D+,196009,A,1.5,Y,Y,Y,Y,Y,N,,Y,70,Y,,
D+,GR,D+,200008,A,1.33,Y,Y,Y,Y,Y,N,,Y,70,Y,,
D+#,GR,CLR/D+,196009,A,0,Y,N,N,N,N,N,,N,70,Y,,
D+*,GR,CLR/D+,196009,A,0,Y,N,N,N,N,N,,N,70,Y,,
D-,GR,D-,196009,A,0.75,Y,Y,Y,Y,Y,N,,Y,60,Y,,
D-,GR,D-,200008,A,0.67,Y,Y,Y,Y,Y,N,,Y,60,Y,,
D-#,GR,COP/D-,196009,A,0,Y,N,N,N,N,N,,N,60,Y,,
D-*,GR,COP/D-,196009,A,0,Y,N,N,N,N,N,,N,60,Y,,
F,GR,F,196009,A,0,Y,N,N,Y,Y,N,,Y,0,Y,,
F#,GR,COP/F,196009,A,0,Y,N,N,N,N,N,,N,0,Y,,
F*,GR,COP/F,196009,A,0,Y,N,N,N,N,N,,N,0,Y,,
FF,GR,DISHONE,196009,A,0,Y,N,N,Y,N,N,,N,0,Y,,
FF#,GR,DISHONE,196009,A,0,Y,N,N,N,N,N,,N,0,Y,,
FF*,GR,DISHONE,196009,A,0,Y,N,N,N,N,N,,N,0,Y,,
I,GR,INC,196009,A,0,Y,N,N,N,N,N,,N,0,Y,,
I#,GR,COP,196009,A,0,Y,N,N,N,N,N,,N,0,Y,,
I*,GR,COP,196009,A,0,Y,N,N,N,N,N,,N,0,Y,,
IA,GR,INCA,200808,A,0,Y,N,N,N,Y,N,,Y,0,Y,,
IA,GR,INCA,201101,A,0,Y,N,N,N,Y,Y,A,Y,0,Y,,
IA+,GR,INCA+,200808,A,0,Y,N,N,N,Y,N,,Y,0,Y,,
IA+,GR,INCA+,201101,A,0,Y,N,N,N,Y,Y,A+,Y,0,Y,,
IA-,GR,INCA-,200808,A,0,Y,N,N,N,Y,N,,Y,0,Y,,
IA-,GR,INCA-,201101,A,0,Y,N,N,N,Y,Y,A-,Y,0,Y,,
IB,GR,INCB,200808,A,0,Y,N,N,N,Y,N,,Y,0,Y,,
IB,GR,INCB,201101,A,0,Y,N,N,N,Y,Y,B,Y,0,Y,,
IB+,GR,INCB+,200808,A,0,Y,N,N,N,Y,N,,Y,0,Y,,
IB+,GR,INCB+,201101,A,0,Y,N,N,N,Y,Y,B+,Y,0,Y,,
IB-,GR,INCB-,200808,A,0,Y,N,N,N,Y,N,,Y,0,Y,,
IB-,GR,INCB-,201101,A,0,Y,N,N,N,Y,Y,B-,Y,0,Y,,
IB-*,GR,INCB-,200808,A,0,Y,N,N,N,Y,N,,Y,,Y,,
IC,GR,INCC,200808,A,0,Y,N,N,N,Y,N,,Y,0,Y,,
IC,GR,INCC,201101,A,0,Y,N,N,N,Y,Y,C,Y,0,Y,,
IC+,GR,INCC+,200808,A,0,Y,N,N,N,Y,N,,Y,0,Y,,
IC+,GR,INCC+,201101,A,0,Y,N,N,N,Y,Y,C+,Y,0,Y,,
IC-,GR,INCC-,200808,A,0,Y,N,N,N,Y,N,,Y,0,Y,,
IC-,GR,INCC-,201101,A,0,Y,N,N,N,Y,Y,C-,Y,0,Y,,
ID,GR,INCD,200808,A,0,Y,N,N,N,Y,N,,Y,0,Y,,
ID,GR,INCD,201101,A,0,Y,N,N,N,Y,Y,D,Y,0,Y,,
ID+,GR,INCD+,200808,A,0,Y,N,N,N,Y,N,,Y,0,Y,,
ID+,GR,INCD+,201101,A,0,Y,N,N,N,Y,Y,D+,Y,0,Y,,
ID-,GR,INCD-,200808,A,0,Y,N,N,N,Y,N,,Y,0,Y,,
ID-,GR,INCD-,201101,A,0,Y,N,N,N,Y,Y,D-,Y,0,Y,,
IF,GR,I/F,196009,A,0,Y,N,N,Y,Y,N,,Y,0,Y,,
IF,GR,INCF,200808,A,0,Y,N,N,N,Y,N,,Y,0,Y,,
IF,GR,INCF,201101,A,0,Y,N,N,N,Y,Y,F,Y,0,Y,,
IF#,GR,COP,196009,A,0,Y,N,N,N,N,N,,N,0,Y,,
IF*,GR,COP,196009,A,0,Y,N,N,N,N,N,,N,0,Y,,
IP,GR,INPROG,196009,A,0,N,N,N,N,N,N,,N,0,Y,,
IS,GR,INCS,200808,A,0,Y,N,N,N,Y,N,,Y,0,Y,,
IS,GR,INCS,201101,A,0,Y,N,N,N,Y,Y,S,Y,0,Y,,
IU,GR,I/U,196009,A,0,Y,N,N,N,Y,N,,Y,0,Y,,
IU,GR,INCU,200808,A,0,Y,N,N,N,Y,N,,Y,0,Y,,
IU,GR,I/U,201101,A,0,Y,N,N,N,Y,Y,U,Y,0,Y,,
IU#,GR,CLR,196009,A,0,Y,N,N,N,N,N,,N,0,Y,,
IU*,GR,CLR,196009,A,0,Y,N,N,N,N,N,,N,0,Y,,
M,GR,MISSING,196009,A,0,Y,N,N,N,Y,N,,Y,0,Y,,
M#,GR,COP,196009,A,0,Y,N,N,N,N,N,,N,0,Y,,
M*,GR,COP,196009,A,0,Y,N,N,N,N,N,,N,0,Y,,
MF,GR,MISSING,196009,A,0,Y,N,N,Y,N,N,,N,0,Y,,
MF#,GR,COP/MIS,196009,A,0,Y,N,N,N,N,N,,N,0,Y,,
MF*,GR,COP/MIS,196009,A,0,Y,N,N,N,N,N,,N,0,Y,,
MU,GR,MISSING,196009,A,0,Y,N,N,N,N,N,,N,0,Y,,
N,GR,AUD,196009,A,0,Y,N,N,N,N,N,,N,0,Y,,
N#,GR,COP,196009,A,0,Y,N,N,N,N,N,,N,0,Y,,
N*,GR,COP,196009,A,0,Y,N,N,N,N,N,,N,0,Y,,
NC,GR,NOGRAD,196009,A,0,N,N,N,N,N,N,,N,0,Y,,
NG,GR,BLK CR,196009,A,0,N,Y,Y,N,N,N,,N,0,Y,,
NG#,GR,BLK CR,196009,A,0,Y,N,N,N,N,N,,N,0,Y,,
NG*,GR,BLK CR,196009,A,0,Y,N,N,N,N,N,,N,0,Y,,
Q1,GR,D+,196009,A,1.5,Y,Y,Y,Y,N,N,,N,,Y,,
Q2,GR,C-,196009,A,1.75,Y,Y,Y,Y,N,N,,N,,Y,,
Q3,GR,C+,196009,A,2.5,Y,Y,Y,Y,N,N,,N,,Y,,
Q4,GR,B-,196009,A,2.75,Y,Y,Y,Y,N,N,,N,,Y,,
Q5,GR,B+,196009,A,3.5,Y,Y,Y,Y,N,N,,N,,Y,,
Q6,GR,A-,196009,A,3.75,Y,Y,Y,Y,N,N,,N,,Y,,
QA,GR,A,196009,A,4,Y,Y,Y,Y,N,N,,N,,Y,,
QB,GR,B,196009,A,3,Y,Y,Y,Y,N,N,,N,,Y,,
QC,GR,C,196009,A,2,Y,Y,Y,Y,N,N,,N,0,Y,,
QD,GR,D,196009,A,1,Y,Y,Y,Y,N,N,,N,0,Y,,
S,GR,SAT,196009,A,0,Y,Y,Y,N,Y,N,,Y,75,Y,,
S#,GR,COP/S,196009,A,0,Y,N,N,N,N,N,,N,75,Y,,
S*,GR,COP/S,196009,A,0,Y,N,N,N,N,N,,N,75,Y,,
U,GR,UNSAT,196009,A,0,Y,N,N,N,Y,N,,Y,0,Y,,
U#,GR,CLR,196009,A,0,Y,N,N,N,N,N,,N,0,Y,,
U*,GR,CLR,196009,A,0,Y,N,N,N,N,N,,N,0,Y,,
W,GR,WITHDRA,196009,A,0,Y,N,N,N,N,N,,N,0,Y,,
W#,GR,COP/W,196009,A,0,Y,N,N,N,N,N,,N,0,Y,,
W*,GR,COP/W,202001,A,0,Y,N,N,N,N,N,,N,0,Y,,
WC,GR,GR/CAN,196009,A,0,Y,N,N,N,N,N,,N,0,Y,,
WE,GR,GR/CAN,202001,A,0,Y,N,N,N,N,N,,N,0,Y,,
XX,GR,GR/INC,196009,A,0,Y,N,N,N,Y,N,,N,0,Y,,
XX,GR,GR/INC,198608,I,0,Y,N,N,N,Y,N,,N,0,Y,,
Z,GR,CONTINU,196009,A,0,Y,Y,Y,N,N,N,,N,0,Y,,
Z#,GR,COP/Z,196009,A,0,Y,N,N,N,N,N,,N,,Y,,
Z*,GR,COP/Z,196009,A,0,Y,N,N,N,N,N,,N,,Y,,
-,NC,DASH,196009,A,0,Y,Y,Y,N,Y,N,,N,0,Y,,
-#,NC,CLR,196009,A,0,Y,N,N,N,Y,N,,N,0,Y,,
A,NC,A,196009,A,4,Y,Y,Y,Y,Y,N,,N,98,Y,,
A#,NC,CLR/A,196009,A,0,Y,N,N,N,Y,N,,N,0,Y,,
A+,NC,A+,196009,A,4,Y,Y,Y,Y,Y,N,,N,99,Y,,
A+,NC,A+,200008,A,4,Y,Y,Y,Y,Y,N,,N,99,Y,,
A+#,NC,CLR/A+,196009,A,0,Y,N,N,N,Y,N,,N,0,Y,,
A-,NC,A-,196009,A,3.75,Y,Y,Y,Y,Y,N,,N,97,Y,,
A-,NC,A-,200008,A,3.67,Y,Y,Y,Y,Y,N,,N,97,Y,,
A-#,NC,CLR/A-,196009,A,0,Y,N,N,N,Y,N,,N,0,Y,,
B,NC,B,196009,A,3,Y,Y,Y,Y,Y,N,,N,85,Y,,
B#,NC,CLR/B,196009,A,0,Y,N,N,N,Y,N,,N,0,Y,,
B+,NC,B+,196009,A,3.5,Y,Y,Y,Y,Y,N,,N,86,Y,,
B+,NC,B+,200008,A,3.33,Y,Y,Y,Y,Y,N,,N,86,Y,,
B+#,NC,CLR/B+,196009,A,0,Y,N,N,N,Y,N,,N,0,Y,,
B-,NC,B-,196009,A,2.75,Y,Y,Y,Y,Y,N,,N,84,Y,,
B-,NC,B-,200008,A,2.67,Y,Y,Y,Y,Y,N,,N,84,Y,,
B-#,NC,CLR/B-,196009,A,0,Y,N,N,N,Y,N,,N,0,Y,,
C,NC,C,196009,A,2,Y,Y,Y,Y,Y,N,,N,75,Y,,
C#,NC,CLR,196009,A,0,Y,N,N,N,Y,N,,N,0,Y,,
C+,NC,C+,196009,A,2.5,Y,Y,Y,Y,Y,N,,N,78,Y,,
C+,NC,C+,200008,A,2.33,Y,Y,Y,Y,Y,N,,N,78,Y,,
C+#,NC,CLR/C+,196009,A,0,Y,N,N,N,Y,N,,N,0,Y,,
C-,NC,C-,196009,A,1.75,Y,Y,Y,Y,Y,N,,N,74,Y,,
C-,NC,C-,200008,A,1.67,Y,Y,Y,Y,Y,N,,N,74,Y,,
C-#,NC,CLR/C-,196009,A,0,Y,N,N,N,Y,N,,N,0,Y,,
C--,NC,NC/CAN,196009,A,0,N,N,N,N,Y,N,,N,0,Y,,
CA,NC,NC/CAN,196009,A,0,N,N,N,N,N,N,,N,0,Y,,
CB,NC,NC/CAN,196009,A,0,N,N,N,N,N,N,,N,0,Y,,
CC,NC,NC/CAN,196009,A,0,N,N,N,N,N,N,,N,0,Y,,
CD,NC,NC/CAN,196009,A,0,N,N,N,N,N,N,,N,0,Y,,
CF,NC,NC/CAN,196009,A,0,N,N,N,N,N,N,,N,0,Y,,
CFF,NC,NC/CAN,196009,A,0,N,N,N,N,N,N,,N,0,Y,,
CI,NC,NC/CAN,196009,A,0,N,N,N,N,N,N,,N,0,Y,,
CIF,NC,NC/CAN,196009,A,0,N,N,N,N,N,N,,N,0,Y,,
CM,NC,NC/CAN,196009,A,0,N,N,N,N,N,N,,N,0,Y,,
CMF,NC,NC/CAN,196009,A,0,N,N,N,N,N,N,,N,0,Y,,
CMU,NC,NC/CAN,196009,A,0,N,N,N,N,N,N,,N,0,Y,,
CN,NC,NC/CAN,196009,A,0,N,N,N,N,N,N,,N,0,Y,,
CS,NC,NC/CAN,196009,A,0,N,N,N,N,N,N,,N,0,Y,,
CU,NC,NC/CAN,196009,A,0,N,N,N,N,N,N,,N,0,Y,,
CW,NC,NC/CAN,196009,A,0,N,N,N,N,N,N,,N,0,Y,,
CX,NC,NC/CAN,196009,A,0,N,N,N,N,N,N,,N,0,Y,,
CZ,NC,NC/CAN,196009,A,0,N,N,N,N,N,N,,N,0,Y,,
D,NC,D,196009,A,1,Y,Y,Y,Y,Y,N,,N,65,Y,,
D#,NC,CLR,196009,A,0,Y,N,N,N,Y,N,,N,0,Y,,
D+,NC,D+,196009,A,1.5,Y,Y,Y,Y,Y,N,,N,70,Y,,
D+,NC,D+,200008,A,1.33,Y,Y,Y,Y,Y,N,,N,70,Y,,
D+#,NC,CLR/D+,196009,A,0,Y,N,N,N,Y,N,,N,0,Y,,
D-,NC,D-,196009,A,0.75,Y,Y,Y,Y,Y,N,,N,60,Y,,
D-,NC,D-,200008,A,0.67,Y,Y,Y,Y,Y,N,,N,60,Y,,
D-#,NC,CLR/D-,196009,A,0,Y,N,N,N,Y,N,,N,0,Y,,
F,NC,F,196009,A,0,Y,N,N,Y,Y,N,,N,0,Y,,
F#,NC,CLR/F,196009,A,0,Y,N,N,N,Y,N,,N,0,Y,,
FF,NC,DISHONE,196009,A,0,Y,N,N,Y,Y,N,,N,0,Y,,
FF#,NC,DISHONE,196009,A,0,Y,N,N,N,Y,N,,N,0,Y,,
I,NC,INC,196009,A,0,Y,N,N,N,Y,N,,N,0,Y,,
IF,NC,INC,196009,A,0,Y,N,N,Y,Y,N,,N,0,Y,,
IF#,NC,CLR/INC,196009,A,0,Y,N,N,N,Y,N,,N,0,Y,,
IP,NC,INPROGR,196009,A,0,N,N,N,N,Y,N,,N,0,Y,,
IU,NC,INC,196009,A,0,Y,N,N,N,Y,N,,N,0,Y,,
M,NC,MISSING,196009,A,0,Y,N,N,N,Y,N,,N,0,Y,,
M#,NC,MISSING,196009,A,0,Y,N,N,N,Y,N,,N,0,Y,,
MF,NC,MISSING,196009,A,0,Y,N,N,Y,Y,N,,N,0,Y,,
MF#,NC,MISSING,196009,A,0,Y,N,N,N,Y,N,,N,0,Y,,
MU,NC,MISSING,196009,A,0,Y,N,N,N,Y,N,,N,0,Y,,
N,NC,AUDIT,196009,A,0,Y,N,N,N,Y,N,,N,0,Y,,
NC,NC,NOGRADE,196009,A,0,N,N,N,N,Y,N,,N,0,Y,,
NG,NC,BLK CR,196009,A,0,N,Y,Y,N,Y,N,,N,0,Y,,
NG#,NC,BLK CR,196009,A,0,Y,N,N,N,Y,N,,N,0,Y,,
S,NC,SAT,196009,A,0,Y,Y,Y,N,Y,N,,N,75,Y,,
S#,NC,SAT,196009,A,0,Y,N,N,N,N,N,,N,0,Y,,
U,NC,UNSAT,196009,A,0,Y,N,N,N,N,N,,N,0,Y,,
U#,NC,CLR,196009,A,0,Y,N,N,N,N,N,,N,0,Y,,
W,NC,WITHDRA,196009,A,0,Y,N,N,N,Y,N,,N,0,Y,,
W#,NC,W/CLR,196009,A,0,Y,N,N,N,Y,N,,N,0,Y,,
WC,NC,NC/CAN,196009,A,0,Y,N,N,N,N,N,,N,0,Y,,
WE,NC,NC/CAN,202001,A,0,Y,N,N,N,N,N,,N,0,Y,,
X,NC,NC/INC,196009,A,0,Y,N,N,N,Y,N,,N,0,Y,,
XX,NC,NC/INC,196009,A,0,Y,N,N,N,Y,N,,N,0,Y,,
Z,NC,NC/CONT,196009,A,0,Y,Y,Y,N,N,N,,N,0,Y,,
-,ND,DASH,196009,A,0,Y,Y,Y,N,N,N,,N,0,Y,,
A,ND,A,196009,A,4,Y,Y,Y,Y,Y,N,,Y,98,Y,,
A#,ND,CLR/A,196009,A,0,Y,N,N,N,N,N,,N,98,Y,,
A*,ND,CLR/A,196009,A,0,Y,Y,Y,N,N,N,,N,98,Y,,
A+,ND,A+,196009,A,4,Y,Y,Y,Y,Y,N,,Y,99,Y,,
A+,ND,A+,200008,A,4,Y,Y,Y,Y,Y,N,,Y,99,Y,,
A+#,ND,CLR/A+,196009,A,0,Y,N,N,N,N,N,,N,99,Y,,
A+*,ND,CLR/A+,196009,A,0,Y,Y,Y,N,N,N,,N,99,Y,,
A-,ND,A-,196009,A,3.75,Y,Y,Y,Y,Y,N,,Y,97,Y,,
A-,ND,A-,200008,A,3.67,Y,Y,Y,Y,Y,N,,Y,97,Y,,
A-#,ND,CLR/A-,196009,A,0,Y,N,N,N,N,N,,N,97,Y,,
A-*,ND,CLR/A-,196009,A,0,Y,Y,Y,N,N,N,,N,97,Y,,
B,ND,B,196009,A,3,Y,Y,Y,Y,Y,N,,Y,85,Y,,
B#,ND,CLR,196009,A,0,Y,N,N,N,N,N,,N,85,Y,,
B*,ND,CLR,196009,A,0,Y,Y,Y,N,N,N,,N,85,Y,,
B+,ND,B+,196009,A,3.5,Y,Y,Y,Y,Y,N,,Y,86,Y,,
B+,ND,B+,200008,A,3.33,Y,Y,Y,Y,Y,N,,Y,86,Y,,
B+#,ND,CLR/B+,196009,A,0,Y,N,N,N,N,N,,N,86,Y,,
B+*,ND,CLR/B+,196009,A,0,Y,Y,Y,N,N,N,,N,86,Y,,
B-,ND,B-,196009,A,2.75,Y,Y,Y,Y,Y,N,,Y,84,Y,,
B-,ND,B-,200008,A,2.67,Y,Y,Y,Y,Y,N,,Y,84,Y,,
B-#,ND,CLR/B-,196009,A,0,Y,N,N,N,N,N,,N,84,Y,,
B-*,ND,CLR/B-,196009,A,0,Y,Y,Y,N,N,N,,N,84,Y,,
C,ND,C,196009,A,2,Y,Y,Y,Y,Y,N,,Y,75,Y,,
C#,ND,CLR,196009,A,0,Y,N,N,N,N,N,,N,75,Y,,
C*,ND,CLR,196009,A,0,Y,Y,Y,N,N,N,,N,75,Y,,
C+,ND,C+,196009,A,2.5,Y,Y,Y,Y,Y,N,,Y,78,Y,,
C+,ND,C+,200008,A,2.33,Y,Y,Y,Y,Y,N,,Y,78,Y,,
C+#,ND,CLR/C+,196009,A,0,Y,N,N,N,Y,N,,N,78,Y,,
C+*,ND,CLR/C+,196009,A,0,Y,Y,Y,N,N,N,,N,78,Y,,
C-,ND,C-,196009,A,1.75,Y,Y,Y,Y,Y,N,,Y,74,Y,,
C-,ND,C-,200008,A,1.67,Y,Y,Y,Y,Y,N,,Y,74,Y,,
C-#,ND,CLR/C-,196009,A,0,Y,N,N,N,N,N,,N,74,Y,,
C-*,ND,CLR/C-,196009,A,0,Y,Y,Y,N,N,N,,N,74,Y,,
CA,ND,ND/CAN,196009,A,0,N,N,N,N,N,N,,N,0,Y,,
CA+,ND,ND/CAN,200008,A,0,N,N,N,N,N,N,,N,0,Y,,
CA-,ND,UG/CAN,200008,A,0,N,N,N,N,N,N,,N,0,Y,,
CB,ND,ND/CAN,196009,A,0,N,N,N,N,N,N,,N,0,Y,,
CB+,ND,ND/CAN,200008,A,0,N,N,N,N,N,N,,N,0,Y,,
CB-,ND,ND/CAN,200008,A,0,N,N,N,N,N,N,,N,0,Y,,
CC,ND,ND/CAN,196009,A,0,N,N,N,N,N,N,,N,0,Y,,
CC+,ND,ND/CAN,200008,A,0,N,N,N,N,N,N,,N,0,Y,,
CC-,ND,ND/CAN,200008,A,0,N,N,N,N,N,N,,N,0,Y,,
CD,ND,ND/CAN,196009,A,0,N,N,N,N,N,N,,N,0,Y,,
CD+,ND,ND/CAN,200008,A,0,N,N,N,N,N,N,,N,0,Y,,
CD-,ND,ND/CAN,200008,A,0,N,N,N,N,N,N,,N,0,Y,,
CF,ND,ND/CAN,196009,A,0,N,N,N,N,N,N,,N,0,Y,,
CFF,ND,ND/CAN,196009,A,0,N,N,N,N,N,N,,N,0,Y,,
CI,ND,ND/CAN,196009,A,0,N,N,N,N,N,N,,N,0,Y,,
CI,ND,ND/CAN,201101,A,0,N,N,N,N,N,Y,INCCI,N,0,Y,,
CIF,ND,ND/CAN,196009,A,0,N,N,N,N,N,N,,N,0,Y,,
CIF,ND,ND/CAN,201101,A,0,N,N,N,N,N,Y,INCCI,N,0,Y,,
CIU,ND,ND/CAN,196009,A,0,N,N,N,N,N,N,,N,0,Y,,
CIU,ND,ND/CAN,201101,A,0,N,N,N,N,N,Y,INCCI,N,0,Y,,
CM,ND,ND/CAN,196009,A,0,N,N,N,N,N,N,,N,0,Y,,
CMF,ND,ND/CAN,196009,A,0,N,N,N,N,N,N,,N,0,Y,,
CMU,ND,GR/CAN,196009,A,0,N,N,N,N,N,N,,N,0,Y,,
CN,ND,ND/CAN,196009,A,0,N,N,N,N,N,N,,N,0,Y,,
CS,ND,ND/CAN,196009,A,0,N,N,N,N,N,N,,N,0,Y,,
CU,ND,ND/CAN,196009,A,0,N,N,N,N,N,N,,N,0,Y,,
CW,ND,ND/CAN,196009,A,0,N,N,N,N,N,N,,N,0,Y,,
CW*,ND,ND/CAN,196009,A,0,N,N,N,N,N,N,,N,0,Y,,
CX,ND,ND/CAN,196009,A,0,N,N,N,N,N,N,,N,0,Y,,
CZ,ND,ND/CAN,196009,A,0,N,N,N,N,N,N,,N,0,Y,,
D,ND,D,196009,A,1,Y,Y,Y,Y,Y,N,,Y,65,Y,,
D#,ND,CLR,196009,A,0,Y,N,N,N,N,N,,N,65,Y,,
D*,ND,CLR,196009,A,0,Y,Y,Y,N,N,N,,N,65,Y,,
D+,ND,D+,196009,A,1.5,Y,Y,Y,Y,Y,N,,Y,70,Y,,
D+,ND,D+,200008,A,1.33,Y,Y,Y,Y,Y,N,,Y,70,Y,,
D+#,ND,CLR/D+,196009,A,0,Y,N,N,N,N,N,,N,70,Y,,
D+*,ND,CLR/D+,196009,A,0,Y,Y,Y,N,N,N,,N,70,Y,,
D-,ND,D-,196009,A,0.75,Y,Y,Y,Y,Y,N,,Y,60,Y,,
D-,ND,D-,200008,A,0.67,Y,Y,Y,Y,Y,N,,Y,60,Y,,
D-#,ND,CLR/D-,196009,A,0,Y,N,N,N,N,N,,N,60,Y,,
D-*,ND,CLR/D-,196009,A,0,Y,Y,Y,N,N,N,,N,60,Y,,
F,ND,F,196009,A,0,Y,N,N,Y,Y,N,,Y,0,Y,,
F#,ND,CLR/F,196009,A,0,Y,N,N,N,N,N,,N,0,Y,,
F*,ND,CLR/F,196009,A,0,Y,N,N,N,N,N,,N,0,Y,,
FF,ND,DISHONE,196009,A,0,Y,N,N,Y,N,N,,N,0,Y,,
FF#,ND,DISHONE,196009,A,0,Y,N,N,N,N,N,,N,0,Y,,
I,ND,INC,196009,A,0,Y,N,N,N,Y,N,,Y,0,Y,,
I,ND,INC,201101,A,0,Y,N,N,N,Y,Y,IF,Y,0,Y,,
IA,ND,INCA,200808,A,0,Y,N,N,N,Y,N,,Y,0,Y,,
IA+,ND,INCA+,200808,A,0,Y,N,N,N,Y,N,,Y,0,Y,,
IA-,ND,INCA-,200808,A,0,Y,N,N,N,Y,N,,Y,0,Y,,
IB,ND,INCB,200808,A,0,Y,N,N,N,Y,N,,Y,0,Y,,
IB+,ND,INCB+,200808,A,0,Y,N,N,N,Y,N,,Y,0,Y,,
IB-,ND,INCB-,200808,A,0,Y,N,N,N,Y,N,,Y,0,Y,,
IC,ND,INCC,200808,A,0,Y,N,N,N,Y,N,,Y,0,Y,,
IC+,ND,INCC+,200808,A,0,Y,N,N,N,Y,N,,Y,0,Y,,
IC-,ND,INCC-,200808,A,0,Y,N,N,N,Y,N,,Y,0,Y,,
ID,ND,INCD,200808,A,0,Y,N,N,N,Y,N,,Y,0,Y,,
ID+,ND,INCD+,200808,A,0,Y,N,N,N,Y,N,,Y,0,Y,,
ID-,ND,INCD-,200808,A,0,Y,N,N,N,Y,N,,Y,0,Y,,
IF,ND,I/F,196009,A,0,Y,N,N,Y,N,N,,N,0,Y,,
IF#,ND,CLR,196009,A,0,Y,N,N,N,N,N,,N,0,Y,,
IF*,ND,CLR,196009,A,0,Y,N,N,N,N,N,,N,0,Y,,
INC,ND,INCND,201101,A,0,N,N,N,N,N,N,,N,0,Y,,
IP,ND,INPROGR,196009,A,0,N,N,N,N,N,N,,N,0,Y,,
IS,ND,INCS,200808,A,0,Y,N,N,N,Y,N,,Y,,Y,,
IU,ND,I/U,196009,A,0,Y,N,N,N,Y,N,,Y,0,Y,,
IU,ND,INCU,200808,A,0,Y,N,N,N,Y,N,,Y,,Y,,
IU#,ND,CLR,196009,A,0,Y,N,N,N,N,N,,N,0,Y,,
IU*,ND,CLR,196909,A,0,N,N,N,N,N,N,,N,,Y,,
M,ND,MISSING,196009,A,0,Y,N,N,N,Y,N,,Y,0,Y,,
MF,ND,M/F,196009,A,0,Y,N,N,Y,N,N,,N,0,Y,,
MF#,ND,CLR,196009,A,0,Y,N,N,N,N,N,,N,0,Y,,
MF*,ND,CLR,196009,A,0,Y,N,N,N,N,N,,N,0,Y,,
MU,ND,M/U,196009,A,0,Y,N,N,N,N,N,,N,0,Y,,
MU#,ND,CLR,196009,A,0,Y,N,N,N,N,N,,N,0,Y,,
N,ND,AUD,196009,A,0,Y,N,N,N,N,N,,N,0,Y,,
N#,ND,CLR,196009,A,0,Y,N,N,N,N,N,,N,0,Y,,
NC,ND,NOGRAD,196009,A,0,N,N,N,N,Y,N,,N,0,Y,,
NG,ND,BLK CR,196009,A,0,N,Y,Y,N,Y,N,,N,0,Y,,
NG#,ND,BLK CR,196009,A,0,Y,N,N,N,Y,N,,N,0,Y,,
S,ND,SAT,196009,A,0,Y,Y,Y,N,Y,N,,Y,75,Y,,
S#,ND,CLR,196009,A,0,Y,N,N,N,N,N,,N,75,Y,,
S*,ND,CLR,196009,A,0,Y,Y,Y,N,N,N,,N,75,Y,,
U,ND,UNSAT,196009,A,0,Y,N,N,N,Y,N,,Y,0,Y,,
U#,ND,CLR,196009,A,0,Y,N,N,N,N,N,,N,0,Y,,
W,ND,WITHDRA,196009,A,0,Y,N,N,N,N,N,,N,0,Y,,
W#,ND,W/CLR,196009,A,0,Y,N,N,N,N,N,,N,0,Y,,
W*,ND,W/ARC,196009,A,0,Y,N,N,N,N,N,,N,0,Y,,
WC,ND,ND/CAN,196009,A,0,Y,N,N,N,N,N,,N,0,Y,,
WE,ND,ND/CAN,202001,A,0,Y,N,N,N,N,N,,N,0,Y,,
X,ND,UG/INC,196009,A,0,Y,N,N,Y,Y,N,,N,0,Y,,
X,ND,UG/INC,198608,I,0,Y,N,N,Y,Y,N,,N,0,Y,,
X#,ND,CLR/X,196009,A,0,Y,N,N,N,N,N,,N,0,Y,,
X#,ND,CLR/X,198608,A,0,Y,N,N,N,N,N,,N,0,Y,,
XX,ND,UG/INC,198608,A,0,Y,N,N,N,Y,N,,N,0,Y,,
Z,ND,CONTINU,196009,A,0,Y,Y,Y,N,N,N,,N,0,Y,,
Z#,ND,CLR/Z,196009,A,0,Y,N,N,N,N,N,,N,0,Y,,
-,PR,DASH,196009,A,0,Y,Y,Y,N,N,N,,N,0,Y,,
A,PR,A,196009,A,4,Y,Y,Y,Y,Y,N,,Y,98,Y,,
A#,PR,CLR/A,196009,A,0,Y,N,N,N,N,N,,N,0,Y,,
A+,PR,A+,196009,A,4,Y,Y,Y,Y,Y,N,,Y,99,Y,,
A+,PR,A+,200008,A,4,Y,Y,Y,Y,Y,N,,Y,99,Y,,
A+#,PR,CLR/A+,196009,A,0,Y,N,N,N,N,N,,N,0,Y,,
A-,PR,A-,196009,A,3.75,Y,Y,Y,Y,Y,N,,Y,97,Y,,
A-,PR,A-,200008,A,3.67,Y,Y,Y,Y,Y,N,,Y,97,Y,,
A-#,PR,CLR/A-,196009,A,0,Y,N,N,N,N,N,,N,0,Y,,
B,PR,B,196009,A,3,Y,Y,Y,Y,Y,N,,Y,85,Y,,
B#,PR,CLR/B,196009,A,0,Y,N,N,N,N,N,,N,0,Y,,
B+,PR,B+,196009,A,3.5,Y,Y,Y,Y,Y,N,,Y,86,Y,,
B+,PR,B+,200008,A,3.33,Y,Y,Y,Y,Y,N,,Y,86,Y,,
B+#,PR,CLR/B+,196009,A,0,Y,N,N,N,N,N,,N,0,Y,,
B-,PR,B-,196009,A,2.75,Y,Y,Y,Y,Y,N,,Y,84,Y,,
B-,PR,B-,200008,A,2.67,Y,Y,Y,Y,Y,N,,Y,84,Y,,
B-#,PR,CLR/B-,196009,A,0,Y,N,N,N,N,N,,N,0,Y,,
C,PR,C,196009,A,2,Y,Y,Y,Y,Y,N,,Y,75,Y,,
C#,PR,CLR,196009,A,0,Y,N,N,N,N,N,,N,0,Y,,
C+,PR,C+,196009,A,2.5,Y,Y,Y,Y,Y,N,,Y,78,Y,,
C+,PR,C+,200008,A,2.33,Y,Y,Y,Y,Y,N,,Y,78,Y,,
C+#,PR,CLR/C+,196009,A,0,Y,N,N,N,N,N,,N,0,Y,,
C-,PR,C-,196009,A,1.75,Y,Y,Y,Y,Y,N,,Y,74,Y,,
C-,PR,C-,200008,A,1.67,Y,Y,Y,Y,Y,N,,Y,74,Y,,
C-#,PR,CLR/C-,196009,A,0,Y,N,N,N,N,N,,N,0,Y,,
C--,PR,PR/CAN,196009,A,0,N,N,N,N,N,N,,N,0,Y,,
CA,PR,PR/CAN,196009,A,0,N,N,N,N,N,N,,N,0,Y,,
CB,PR,PR/CAN,196009,A,0,N,N,N,N,N,N,,N,0,Y,,
CC,PR,PR/CAN,196009,A,0,N,N,N,N,N,N,,N,0,Y,,
CC+,PR,PR/CAN,201505,A,0,N,N,N,N,N,N,,N,0,Y,,
CD,PR,PR/CAN,196009,A,0,N,N,N,N,N,N,,N,0,Y,,
CF,PR,PR/CAN,196009,A,0,N,N,N,N,N,N,,N,0,Y,,
CFF,PR,PR/CAN,196009,A,0,N,N,N,N,N,N,,N,0,Y,,
CI,PR,PR/CAN,196009,A,0,N,N,N,N,N,N,,N,0,Y,,
CIF,PR,PR/CAN,196009,A,0,N,N,N,N,N,N,,N,0,Y,,
CM,PR,PR/CAN,196009,A,0,N,N,N,N,N,N,,N,0,Y,,
CMF,PR,PR/CAN,196009,A,0,N,N,N,N,N,N,,N,0,Y,,
CMU,PR,PR/CAN,196009,A,0,N,N,N,N,N,N,,N,0,Y,,
CN,PR,PR/CAN,196009,A,0,N,N,N,N,N,N,,N,0,Y,,
CS,PR,PR/CAN,196009,A,0,N,N,N,N,N,N,,N,0,Y,,
CU,PR,PR/CAN,196009,A,0,N,N,N,N,N,N,,N,0,Y,,
CW,PR,PR/CAN,196009,A,0,N,N,N,N,N,N,,N,0,Y,,
CZ,PR,PR/CAN,196009,A,0,N,N,N,N,N,N,,N,0,Y,,
D,PR,D,196009,A,1,Y,Y,Y,Y,Y,N,,Y,65,Y,,
D#,PR,CLR,196009,A,0,Y,N,N,N,N,N,,N,0,Y,,
D+,PR,D+,196009,A,1.5,Y,Y,Y,Y,Y,N,,Y,70,Y,,
D+,PR,D+,200008,A,1.33,Y,Y,Y,Y,Y,N,,Y,70,Y,,
D+#,PR,CLR/D+,196009,A,0,Y,N,N,N,N,N,,N,0,Y,,
D-,PR,D-,196009,A,0.75,Y,Y,Y,Y,Y,N,,Y,60,Y,,
D-,PR,D-,200008,A,0.67,Y,Y,Y,Y,Y,N,,Y,60,Y,,
D-#,PR,CLR/D-,196009,A,0,Y,N,N,N,N,N,,N,0,Y,,
F,PR,F,196009,A,0,Y,N,N,Y,Y,N,,Y,0,Y,,
F#,PR,CLR/F,196009,A,0,Y,N,N,N,N,N,,N,0,Y,,
FF,PR,DISHONE,196009,A,0,Y,N,N,Y,N,N,,N,0,Y,,
FF#,PR,DISHONE,196009,A,0,Y,N,N,N,N,N,,N,0,Y,,
I,PR,INC,196009,A,0,Y,N,N,N,Y,N,,Y,0,Y,,
IA,PR,INC,202308,A,0,Y,N,N,Y,Y,N,,Y,0,Y,,
IB,PR,INC,202308,A,0,Y,N,N,Y,Y,N,,Y,0,Y,,
IC,PR,INC,202308,A,0,Y,N,N,Y,Y,N,,Y,0,Y,,
ID,PR,INC,202308,A,0,Y,N,N,Y,Y,N,,Y,0,Y,,
IF,PR,INC,196009,A,0,Y,N,N,Y,N,N,,N,0,Y,,
IP,PR,INPROG,196009,A,0,N,N,N,N,N,N,,N,0,Y,,
IU,PR,INC,196009,A,0,Y,N,N,N,N,N,,N,0,Y,,
M,PR,MISSING,196009,A,0,Y,N,N,N,Y,N,,Y,,Y,,
MF,PR,MISSING,196009,A,0,Y,N,N,Y,N,N,,N,,Y,,
MU,PR,MISSING,196009,A,0,Y,N,N,N,N,N,,N,,Y,,
N,PR,AUD,201505,A,0,Y,N,N,N,N,N,,N,,Y,,
NC,PR,NOGRAD,196009,A,0,N,N,N,N,Y,N,,N,0,Y,,
NG,PR,BLK CR,196009,A,0,N,Y,Y,N,Y,N,,N,0,Y,,
NG#,PR,BLK CR,196009,A,0,Y,N,N,N,Y,N,,N,0,Y,,
S,PR,SAT,196009,A,0,Y,Y,Y,N,Y,N,,Y,75,Y,,
S#,PR,CLR,196009,A,0,Y,N,N,N,N,N,,N,0,Y,,
U,PR,UNSAT,196009,A,0,Y,N,N,N,Y,N,,Y,0,Y,,
U#,PR,CLR,196009,A,0,Y,N,N,N,N,N,,N,0,Y,,
W,PR,WITHDRA,196009,A,0,Y,N,N,N,N,N,,N,0,Y,,
W#,PR,W/CLR,196009,A,0,Y,N,N,N,N,N,,N,0,Y,,
WC,PR,PR/CAN,196009,A,0,Y,N,N,N,N,N,,N,0,Y,,
WE,PR,PR/CAN,202001,A,0,Y,N,N,N,N,N,,N,0,Y,,
X,PR,PR/INC,196009,A,0,Y,N,N,N,Y,N,,N,0,Y,,
Z,PR,CONTINU,196009,A,0,Y,Y,Y,N,N,N,,N,0,Y,,
-,UG,DASH,000000,A,0,Y,Y,Y,N,N,N,,N,0,Y,,
-,UG,DASH,196009,A,0,Y,Y,Y,N,N,N,,N,0,Y,,
-,UG,DASH,200808,A,0,Y,Y,Y,N,N,N,,N,74,Y,,
-#,UG,DASH,000000,A,0,Y,N,N,N,N,N,,N,0,Y,,
-#,UG,DASH,196009,A,0,Y,N,N,N,N,N,,N,0,Y,,
-#,UG,DASH,200808,A,0,Y,N,N,N,N,N,,N,74,Y,,
-*,UG,CLR,196009,A,0,Y,Y,Y,N,N,N,,N,0,Y,,
-*,UG,CLR,201108,A,0,Y,Y,Y,N,N,N,,N,74,Y,,
A,UG,A,000000,A,4,Y,Y,Y,Y,Y,N,,Y,98,Y,,
A,UG,A,196009,A,4,Y,Y,Y,Y,Y,N,,Y,98,Y,,
A#,UG,CLR/A,000000,A,0,Y,N,N,N,Y,N,,N,98,Y,,
A#,UG,CLR/A,196009,A,0,Y,N,N,N,N,N,,N,98,Y,,
A*,UG,CLR/A,196009,A,0,Y,Y,Y,N,N,N,,N,98,Y,,
A+,UG,A+,000000,A,4,Y,Y,Y,Y,Y,N,,Y,99,Y,,
A+,UG,A+,196009,A,4,Y,Y,Y,Y,Y,N,,Y,99,Y,,
A+,UG,A+,200008,A,4,Y,Y,Y,Y,Y,N,,Y,99,Y,,
A+#,UG,CLR/A+,000000,A,0,Y,N,N,N,N,N,,N,99,Y,,
A+#,UG,CLR/A+,196009,A,0,Y,N,N,N,N,N,,N,99,Y,,
A+*,UG,CLR/A+,196009,A,0,Y,Y,Y,N,N,N,,N,99,Y,,
A-,UG,A-,000000,A,3.75,Y,Y,Y,Y,Y,N,,Y,97,Y,,
A-,UG,A-,196009,A,3.75,Y,Y,Y,Y,Y,N,,Y,97,Y,,
A-,UG,A-,200008,A,3.67,Y,Y,Y,Y,Y,N,,Y,97,Y,,
A-#,UG,CLR/A-,000000,A,0,Y,N,N,N,N,N,,N,97,Y,,
A-#,UG,CLR/A-,196009,A,0,Y,N,N,N,N,N,,N,97,Y,,
A-*,UG,CLR/A-,196009,A,0,Y,Y,Y,N,N,N,,N,97,Y,,
B,UG,B,000000,A,3,Y,Y,Y,Y,Y,N,,Y,85,Y,,
B,UG,B,196009,A,3,Y,Y,Y,Y,Y,N,,Y,85,Y,,
B#,UG,CLR,000000,A,0,Y,N,N,N,N,N,,N,85,Y,,
B#,UG,CLR,196009,A,0,Y,N,N,N,N,N,,N,85,Y,,
B*,UG,CLR/B,196009,A,0,Y,Y,Y,N,N,N,,N,85,Y,,
B+,UG,B+,000000,A,3.5,Y,Y,Y,Y,Y,N,,Y,86,Y,,
B+,UG,B+,196009,A,3.5,Y,Y,Y,Y,Y,N,,Y,86,Y,,
B+,UG,B+,200008,A,3.33,Y,Y,Y,Y,Y,N,,Y,86,Y,,
B+#,UG,CLR/B+,000000,A,0,Y,N,N,N,N,N,,N,86,Y,,
B+#,UG,CLR/B+,196009,A,0,Y,N,N,N,N,N,,N,86,Y,,
B+*,UG,CLR/B+,196009,A,0,Y,Y,Y,N,N,N,,N,86,Y,,
B-,UG,B-,000000,A,2.75,Y,Y,Y,Y,Y,N,,Y,84,Y,,
B-,UG,B-,196009,A,2.75,Y,Y,Y,Y,Y,N,,Y,84,Y,,
B-,UG,B-,200008,A,2.67,Y,Y,Y,Y,Y,N,,Y,84,Y,,
B-#,UG,CLR/B-,000000,A,0,Y,N,N,N,N,N,,N,84,Y,,
B-#,UG,CLR/B-,196009,A,0,Y,N,N,N,N,N,,N,84,Y,,
B-*,UG,CLR/B-,196009,A,0,Y,Y,Y,N,N,N,,N,84,Y,,
C,UG,C,000000,A,2,Y,Y,Y,Y,Y,N,,Y,75,Y,,
C,UG,C,196009,A,2,Y,Y,Y,Y,Y,N,,Y,75,Y,,
C#,UG,CLR,000000,A,0,Y,N,N,N,N,N,,N,75,Y,,
C#,UG,CLR,196009,A,0,Y,N,N,N,N,N,,N,75,Y,,
C*,UG,CLR/C,196009,A,0,Y,Y,Y,N,N,N,,N,75,Y,,
C+,UG,C+,000000,A,2.5,Y,Y,Y,Y,Y,N,,Y,78,Y,,
C+,UG,C+,196009,A,2.5,Y,Y,Y,Y,Y,N,,Y,78,Y,,
C+,UG,C+,200008,A,2.33,Y,Y,Y,Y,Y,N,,Y,78,Y,,
C+#,UG,CLR/C+,000000,A,0,Y,N,N,N,N,N,,N,78,Y,,
C+#,UG,CLR/C+,196009,A,0,Y,N,N,N,N,N,,N,78,Y,,
C+*,UG,CLR/C+,000000,A,0,Y,Y,Y,N,N,N,,N,78,Y,,
C+*,UG,CLR/C+,196009,A,0,Y,Y,Y,N,N,N,,N,78,Y,,
C-,UG,C-,000000,A,1.75,Y,Y,Y,Y,Y,N,,Y,73,Y,,
C-,UG,C-,196009,A,1.75,Y,Y,Y,Y,Y,N,,Y,73,Y,,
C-,UG,C-,200008,A,1.67,Y,Y,Y,Y,Y,N,,Y,73,Y,,
C-#,UG,CLR/C-,000000,A,0,Y,N,N,N,N,N,,N,73,Y,,
C-#,UG,CLR/C-,196009,A,0,Y,N,N,N,N,N,,N,73,Y,,
C-*,UG,CLR/C-,196009,A,0,Y,Y,Y,N,N,N,,N,73,Y,,
CA,UG,UG/CAN,196009,A,0,N,N,N,N,N,N,,N,0,Y,,
CA+,UG,UG/CAN,200008,A,0,N,N,N,N,N,N,,N,0,Y,,
CA-,UG,UG/CAN,200008,A,0,N,N,N,N,N,N,,N,0,Y,,
CB,UG,UG/CAN,196009,A,0,N,N,N,N,N,N,,N,0,Y,,
CB+,UG,UG/CAN,200008,A,0,N,N,N,N,N,N,,N,0,Y,,
CB-,UG,UG/CAN,200008,A,0,N,N,N,N,N,N,,N,0,Y,,
CC,UG,UG/CAN,196009,A,0,N,N,N,N,N,N,,N,0,Y,,
CC+,UG,UG/CAN,200008,A,0,N,N,N,N,N,N,,N,0,Y,,
CC-,UG,UG/CAN,200008,A,0,N,N,N,N,N,N,,N,0,Y,,
CD,UG,UG/CAN,196009,A,0,N,N,N,N,N,N,,N,0,Y,,
CD+,UG,UG/CAN,200008,A,0,N,N,N,N,N,N,,N,0,Y,,
CD-,UG,UG/CAN,200008,A,0,N,N,N,N,N,N,,N,0,Y,,
CF,UG,UG/CAN,196009,A,0,N,N,N,N,N,N,,N,0,Y,,
CFF,UG,UG/CAN,196009,A,0,N,N,N,N,N,N,,N,0,Y,,
CI,UG,UG/CAN,196009,A,0,N,N,N,N,N,N,,N,0,Y,,
CI,UG,UG/CAN,201101,A,0,N,N,N,N,N,Y,INCCI,N,0,Y,,
CIF,UG,UG/CAN,196009,A,0,N,N,N,N,N,N,,N,0,Y,,
CIF,UG,UG/CAN,201101,A,0,N,N,N,N,N,Y,INCCIF,N,0,Y,,
CIU,UG,UG/CAN,196009,A,0,N,N,N,N,N,N,,N,0,Y,,
CIU,UG,UG/CAN,201101,A,0,N,N,N,N,N,Y,INCCI,N,0,Y,,
CM,UG,UG/CAN,196009,A,0,N,N,N,N,N,N,,N,0,Y,,
CMF,UG,UG/CAN,196009,A,0,N,N,N,N,N,N,,N,0,Y,,
CMU,UG,UG/CAN,196009,A,0,N,N,N,N,N,N,,N,0,Y,,
CN,UG,UG/CAN,196009,A,0,N,N,N,N,N,N,,N,0,Y,,
CS,UG,UG/CAN,196009,A,0,N,N,N,N,N,N,,N,0,Y,,
CU,UG,UG/CAN,196009,A,0,N,N,N,N,N,N,,N,0,Y,,
CW,UG,UG/CAN,196009,A,0,N,N,N,N,N,N,,N,0,Y,,
CW*,UG,UG/CAN,196009,A,0,N,N,N,N,N,N,,N,0,Y,,
CX,UG,UG/CAN,196009,A,0,N,N,N,N,N,N,,N,0,Y,,
CZ,UG,UG/CAN,196009,A,0,N,N,N,N,N,N,,N,0,Y,,
D,UG,D,000000,A,1,Y,Y,Y,Y,Y,N,,Y,65,Y,,
D,UG,D,196009,A,1,Y,Y,Y,Y,Y,N,,Y,65,Y,,
D#,UG,CLR,000000,A,0,Y,N,N,N,N,N,,N,65,Y,,
D#,UG,CLR,196009,A,0,Y,N,N,N,N,N,,N,65,Y,,
D*,UG,CLR/D,196009,A,0,Y,Y,Y,N,N,N,,N,65,Y,,
D+,UG,D+,000000,A,1.5,Y,Y,Y,Y,Y,N,,Y,70,Y,,
D+,UG,D+,196009,A,1.5,Y,Y,Y,Y,Y,N,,Y,70,Y,,
D+,UG,D+,200008,A,1.33,Y,Y,Y,Y,Y,N,,Y,70,Y,,
D+#,UG,CLR/D+,000000,A,0,Y,N,N,N,N,N,,N,70,Y,,
D+#,UG,CLR/D+,196009,A,0,Y,N,N,N,N,N,,N,70,Y,,
D+*,UG,CLR/D+,196009,A,0,Y,Y,Y,N,N,N,,N,70,Y,,
D-,UG,D-,000000,A,0.75,Y,Y,Y,Y,Y,N,,Y,60,Y,,
D-,UG,D-,196009,A,0.75,Y,Y,Y,Y,Y,N,,Y,60,Y,,
D-,UG,D-,200008,A,0.67,Y,Y,Y,Y,Y,N,,Y,60,Y,,
D-#,UG,CLR/D-,000000,A,0,Y,N,N,N,N,N,,N,60,Y,,
D-#,UG,CLR/D-,196009,A,0,Y,N,N,N,N,N,,N,60,Y,,
D-*,UG,CLR/D-,196009,A,0,Y,Y,Y,N,N,N,,N,60,Y,,
F,UG,F,000000,A,0,Y,N,N,Y,Y,N,,Y,0,Y,,
F,UG,F,196009,A,0,Y,N,N,Y,Y,N,,Y,0,Y,,
F#,UG,CLR/F,000000,A,0,Y,N,N,N,N,N,,N,0,Y,,
F#,UG,CLR/F,196009,A,0,Y,N,N,N,N,N,,N,0,Y,,
F*,UG,CLR/F,196009,A,0,Y,N,N,N,N,N,,N,0,Y,,
FF,UG,DISHONE,196009,A,0,Y,N,N,Y,N,N,,N,0,Y,,
FF#,UG,DISHONE,196009,A,0,Y,N,N,N,N,N,,N,0,Y,,
I,UG,INC,196009,A,0,Y,N,N,N,Y,N,,Y,0,Y,,
I,UG,INC,201101,A,0,Y,N,N,N,Y,Y,IF,Y,0,Y,,
I#,UG,CLR,000000,A,0,Y,N,N,N,N,N,,N,0,Y,,
I#,UG,CLR,196009,A,0,Y,N,N,N,N,N,,N,0,Y,,
IA,UG,INCA,200808,A,0,Y,N,N,N,Y,N,,Y,0,Y,,
IA+,UG,INCA+,200808,A,0,Y,N,N,N,Y,N,,Y,0,Y,,
IA-,UG,INCA-,200808,A,0,Y,N,N,N,Y,N,,Y,0,Y,,
IB,UG,INCB,200808,A,0,Y,N,N,N,Y,N,,Y,0,Y,,
IB+,UG,INCB+,200808,A,0,Y,N,N,N,Y,N,,Y,0,Y,,
IB-,UG,INCB-,200808,A,0,Y,N,N,N,Y,N,,Y,0,Y,,
IC,UG,INCC,200808,A,0,Y,N,N,N,Y,N,,Y,0,Y,,
IC+,UG,INCC+,200808,A,0,Y,N,N,N,Y,N,,Y,0,Y,,
IC-,UG,INCC-,200808,A,0,Y,N,N,N,Y,N,,Y,0,Y,,
ID,UG,INCD,200808,A,0,Y,N,N,N,Y,N,,Y,0,Y,,
ID+,UG,INCD+,200808,A,0,Y,N,N,N,Y,N,,Y,0,Y,,
ID-,UG,INCD-,200808,A,0,Y,N,N,N,Y,N,,Y,0,Y,,
IF,UG,I/F,000000,A,0,Y,N,N,Y,Y,N,,N,0,Y,,
IF,UG,I/F,196009,A,0,Y,N,N,Y,N,N,,Y,0,Y,,
IF#,UG,CLR,000000,A,0,Y,N,N,N,N,N,,N,0,Y,,
IF#,UG,CLR,196009,A,0,Y,N,N,N,N,N,,N,0,Y,,
IF*,UG,CLR,196009,A,0,Y,N,N,N,N,N,,N,0,Y,,
INC,UG,INCUG,201101,A,0,N,N,N,N,N,N,,N,0,Y,,
INCCI,UG,INCCIUG,201101,A,0,Y,N,N,N,N,N,,N,0,Y,,
INCCIF,UG,INCCIUG,201101,A,0,Y,N,N,N,N,N,,N,0,Y,,
INCCIU,UG,INCCIUG,201101,A,0,Y,N,N,N,N,N,,N,0,Y,,
IP,UG,INPROG,000000,A,0,N,N,N,N,N,N,,N,0,Y,,
IP,UG,INPROG,196009,A,0,N,N,N,N,N,N,,N,0,Y,,
IS,UG,INCS,200808,A,0,Y,N,N,N,Y,N,,Y,0,Y,,
IU,UG,I/U,000000,A,0,Y,N,N,N,Y,N,,N,0,Y,,
IU,UG,I/U,196009,A,0,Y,N,N,N,Y,N,,Y,0,Y,,
IU,UG,INCS,200808,A,0,Y,N,N,N,Y,N,,Y,0,Y,,
IU#,UG,CLR,000000,A,0,Y,N,N,N,N,N,,N,0,Y,,
IU#,UG,CLR,196009,A,0,Y,N,N,N,N,N,,N,0,Y,,
IU*,UG,CLR,196909,A,0,Y,N,N,N,N,N,,N,0,Y,,
M,UG,MISSING,196009,A,0,Y,N,N,N,Y,N,,Y,0,Y,,
MF,UG,M/F,196009,A,0,Y,N,N,Y,N,N,,N,0,Y,,
MF#,UG,CLR,000000,A,0,Y,N,N,N,N,N,,N,0,Y,,
MF#,UG,CLR,196009,A,0,Y,N,N,N,N,N,,N,0,Y,,
MF*,UG,CLR,196009,A,0,Y,N,N,N,N,N,,N,0,Y,,
MU,UG,M/U,196009,A,0,Y,N,N,N,N,N,,N,0,Y,,
MU#,UG,CLR,000000,A,0,Y,N,N,N,N,N,,N,0,Y,,
MU#,UG,CLR,196009,A,0,Y,N,N,N,N,N,,N,0,Y,,
N,UG,AUD,196009,A,0,Y,N,N,N,N,N,,N,0,Y,,
N#,UG,CLR,000000,A,0,Y,N,N,N,N,N,,N,0,Y,,
N#,UG,CLR,196009,A,0,Y,N,N,N,N,N,,N,0,Y,,
NC,UG,NOGRADD,000000,A,0,N,N,N,N,Y,N,,N,0,Y,,
NC,UG,NOGRADD,196009,A,0,N,N,N,N,Y,N,,N,0,Y,,
NG,UG,BLK CR,000000,A,0,N,Y,Y,N,Y,N,,N,0,Y,,
NG,UG,BLK CR,196009,A,0,N,Y,Y,N,Y,N,,N,0,Y,,
NG,UG,BLK CR,200808,A,0,N,Y,Y,N,Y,N,,N,74,Y,,
NG#,UG,BLK CR,000000,A,0,Y,N,N,N,Y,N,,N,0,Y,,
NG#,UG,BLK CR,196009,A,0,Y,N,N,N,Y,N,,N,0,Y,,
Q1,UG,D+,000000,A,1.5,Y,Y,Y,Y,Y,N,,N,,Y,,
Q1,UG,D+,196009,A,1.5,Y,Y,Y,Y,Y,N,,N,,Y,,
Q2,UG,C-,000000,A,1.75,Y,Y,Y,Y,Y,N,,N,,Y,,
Q2,UG,C-,196009,A,1.75,Y,Y,Y,Y,Y,N,,N,,Y,,
Q3,UG,C+,000000,A,2.5,Y,Y,Y,Y,Y,N,,N,,Y,,
Q3,UG,C+,196009,A,2.5,Y,Y,Y,Y,Y,N,,N,,Y,,
Q4,UG,B-,000000,A,2.75,Y,Y,Y,Y,Y,N,,N,,Y,,
Q4,UG,B-,196009,A,2.75,Y,Y,Y,Y,Y,N,,N,,Y,,
Q5,UG,B+,000000,A,3.5,Y,Y,Y,Y,Y,N,,N,,Y,,
Q5,UG,B+,196009,A,3.5,Y,Y,Y,Y,Y,N,,N,,Y,,
Q6,UG,A-,000000,A,3.75,Y,Y,Y,Y,Y,N,,N,,Y,,
Q6,UG,A-,196009,A,3.75,Y,Y,Y,Y,Y,N,,N,,Y,,
QA,UG,A,000000,A,4,Y,Y,Y,Y,Y,N,,N,,Y,,
QA,UG,A,196009,A,4,Y,Y,Y,Y,Y,N,,N,,Y,,
QB,UG,B,000000,A,3,Y,Y,Y,Y,Y,N,,N,,Y,,
QB,UG,B,196009,A,3,Y,Y,Y,Y,Y,N,,N,,Y,,
QC,UG,C,000000,A,2,Y,Y,Y,Y,Y,N,,N,0,Y,,
QC,UG,C,196009,A,2,Y,Y,Y,Y,Y,N,,N,0,Y,,
QC-,UG,C-,201308,A,2,Y,N,N,Y,N,N,,N,0,Y,,
QD,UG,D,000000,A,1,Y,Y,Y,Y,Y,N,,N,0,Y,,
QD,UG,D,196009,A,1,Y,Y,Y,Y,Y,N,,N,0,Y,,
QD,UG,D,201308,A,1,Y,N,N,Y,N,N,,N,0,Y,,
QF,UG,F,201308,A,0,Y,N,N,Y,N,N,,N,0,Y,,
R,UG,REPEAT,000000,A,0,Y,N,N,N,N,N,,N,0,Y,,
R,UG,REPEAT,196009,A,0,Y,N,N,N,N,N,,N,0,Y,,
S,UG,SAT,000000,A,0,Y,Y,Y,N,Y,N,,Y,75,Y,,
S,UG,SAT,196009,A,0,Y,Y,Y,N,Y,N,,Y,75,Y,,
S#,UG,CLR,000000,A,0,Y,N,N,N,N,N,,N,75,Y,,
S#,UG,CLR,196009,A,0,Y,N,N,N,N,N,,N,75,Y,,
S*,UG,CLR,196009,A,0,Y,Y,Y,N,N,N,,N,75,Y,,
U,UG,UNSAT,000000,A,0,Y,N,N,N,Y,N,,Y,0,Y,,
U,UG,UNSAT,196009,A,0,Y,N,N,N,Y,N,,Y,0,Y,,
U#,UG,CLR,000000,A,0,Y,N,N,N,N,N,,N,0,Y,,
U#,UG,CLR,196009,A,0,Y,N,N,N,N,N,,N,0,Y,,
W,UG,WITHDRA,000000,A,0,Y,N,N,N,N,N,,N,0,Y,,
W,UG,WITHDRA,196009,A,0,Y,N,N,N,N,N,,N,0,Y,,
W#,UG,W/CLR,000000,A,0,Y,N,N,N,N,N,,N,0,Y,,
W#,UG,W/CLR,196009,A,0,Y,N,N,N,N,N,,N,0,Y,,
W*,UG,W/ARC,196009,A,0,Y,N,N,N,N,N,,N,0,Y,,
WC,UG,UG/CAN,196009,A,0,Y,N,N,N,N,N,,N,0,Y,,
WE,UG,UG/CAN,202001,A,0,Y,N,N,N,N,N,,N,0,Y,,
X,UG,UG/INC,196009,A,0,Y,N,N,Y,Y,N,,N,0,Y,,
X,UG,UG/INC,198608,I,0,Y,N,N,N,Y,N,,N,0,Y,,
X#,UG,UG/INC,196009,A,0,Y,N,N,N,N,N,,N,0,Y,,
X#,UG,UG/INC,198608,I,0,Y,N,N,N,N,N,,N,0,Y,,
XX,UG,UG/INC,198608,A,0,Y,N,N,N,Y,N,,N,0,Y,,
Z,UG,CONTINU,196009,A,0,Y,Y,Y,N,N,N,,N,0,Y,,
Z#,UG,CONTINU,000000,A,0,Y,N,N,N,N,N,,N,0,Y,,
Z#,UG,CONTINU,196009,A,0,Y,N,N,N,N,N,,N,0,Y,,
